概念_em,概念代码_em,概念种类
机构重仓,BK0552,金融
精准医疗,BK0806,行业
工程机械,BK0991,行业
3D摄像头,BK0901,行业
DRG DIP,BK1054,行业
宠物经济,BK0993,行业
2025规划,BK0713,事件
国产航母,BK0715,行业
社保重仓,BK0520,金融
露营经济,BK1079,事件
RCS,BK0919,行业
注射器,BK0973,行业
中药,BK0615,行业
IPO受益,BK0697,金融
基本金属,BK0561,行业
网红直播,BK0940,行业
VPN,BK0885,行业
数字阅读,BK0959,行业
中超,BK0635,行业
降解塑料,BK0909,行业
增强现实,BK0801,行业
CAR-T细胞疗法,BK0986,行业
气溶胶检测,BK1065,行业
新冠医疗,BK1060,事件
滨海新区,BK0566,事件
空间站,BK0994,行业
千金藤素,BK1083,行业
光伏,BK0588,行业
HIT电池,BK0908,行业
氮化镓,BK0916,行业
纾困,BK0851,事件
全息技术,BK0699,行业
UWB,BK0880,行业
IGBT,BK1048,行业
超导,BK0679,行业
植物照明,BK1007,行业
化工原料,BK0512,行业
北京冬奥,BK0717,事件
电子烟,BK0865,行业
互联金融,BK0637,行业
维生素,BK0895,行业
3D打印,BK0619,行业
智能机器,BK0640,行业
股权激励,BK0567,金融
屏下摄像,BK0947,行业
天基互联,BK0921,行业
参股期货,BK0524,金融
商汤,BK0942,知名企业
湖北自贸,BK0926,事件
C2M,BK0955,行业
MicroLED,BK0948,行业
LED,BK0580,行业
IPv6,BK0897,行业
基金重仓,BK0536,金融
油价相关,BK0563,事件
铁路基建,BK0592,行业
上海自贸,BK0643,区域
长寿药,BK0936,行业
磁悬浮,BK0975,行业
数字哨兵,BK1084,事件
MSCI中国,BK0821,金融
氢能源,BK0864,行业
海绵城市,BK0724,事件
智能电视,BK0656,行业
光伏建筑一体化,BK0978,行业
手游,BK0642,行业
油气设服,BK0606,行业
蓝宝石,BK0674,行业
养老金,BK0823,金融
转债标的,BK0528,金融
蝗虫防治,BK0934,行业
航天,BK0963,行业
贬值受益,BK0812,金融
免疫治疗,BK0698,行业
京津冀,BK0684,区域
独家药品,BK0676,行业
半导体,BK0917,行业
5G,BK0714,行业
盲盒经济,BK0954,事件
MLCC,BK0890,行业
发电机,BK1014,行业
工业气体,BK0981,行业
地热能,BK0622,行业
广电,BK0904,行业
病毒防治,BK0675,行业
水产养殖,BK0967,行业
婴童,BK0664,行业
氦气,BK0949,行业
PPP,BK0721,事件
沪企改革,BK0672,事件
电商,BK0665,行业
影视,BK0847,行业
成渝特区,BK0534,区域
纳米银,BK0855,行业
券商,BK0711,行业
RCEP,BK0962,金融
核酸采样亭,BK1081,行业
海洋经济,BK0623,行业
字节,BK0923,知名企业
疫苗冷链,BK0941,行业
QFII重仓,BK0535,金融
化妆品,BK0974,行业
东北振兴,BK0838,事件
3D玻璃,BK0881,行业
彩票,BK0671,行业
激光雷达,BK1002,行业
内贸流通,BK1001,行业
固态电池,BK0968,行业
地摊经济,BK0924,行业
工业互联,BK0832,行业
体外诊断,BK0841,行业
新能源,BK0493,行业
深圳特区,BK0549,区域
核污染防治,BK0983,行业
尾气治理,BK0932,行业
麒麟电池,BK1092,行业
人脑工程,BK0706,行业
刀片电池,BK0951,行业
进口博览,BK0850,行业
光伏高速公路,BK1096,行业
退税商店,BK0933,行业
宁组合,BK1000,知名企业
地塞米松,BK0929,行业
京东金融,BK0849,知名企业
肝素,BK0944,行业
电子车牌,BK0982,行业
蚂蚁,BK0937,知名企业
华为N腾,BK0995,知名企业
万达,BK0831,知名企业
跨境支付,BK1071,行业
阿兹海默,BK0894,行业
GDR,BK0868,行业
CRO,BK0899,行业
茅指数,BK0999,知名企业
免税,BK0927,行业
调味品,BK1026,行业
REITs,BK0992,金融
快手,BK0972,知名企业
苹果,BK0666,知名企业
华为欧拉,BK1013,知名企业
中芯国际,BK0935,知名企业
小米,BK0833,知名企业
独角兽,BK0835,知名企业
百度,BK0845,知名企业
富士康,BK0842,知名企业
F5G,BK1088,知名企业
特斯拉,BK0644,知名企业
阿里巴巴,BK0689,知名企业
华为,BK0854,知名企业
拼多多,BK0957,知名企业
华为汽车,BK0984,知名企业
抖音,BK0928,知名企业
鸿蒙,BK0953,知名企业
乳业,BK0892,行业
人造肉,BK0866,行业
煤化工,BK0492,行业
黄金,BK0547,行业
网络安全,BK0655,行业
农业种植,BK0888,行业
小金属,BK0695,行业
碳化硅,BK0977,行业
新材料,BK0523,行业
MiniLED,BK0902,行业
可燃冰,BK0818,行业
无人驾驶,BK0802,行业
海工装备,BK0601,行业
养鸡,BK0887,行业
共享经济,BK0807,行业
知识产权保护,BK0839,行业
智能物流,BK0990,行业
托育服务,BK1074,行业
猪肉,BK0882,行业
人脸识别,BK0970,行业
数据中心,BK0922,行业
重组蛋白,BK1063,行业
虚拟电厂,BK0958,行业
通用航空,BK0625,行业
智能穿戴,BK0641,行业
云办公,BK0912,行业
绿色电力,BK1024,行业
边缘计算,BK0860,行业
机器人,BK1090,行业
稀土永磁,BK0578,行业
钠离子电池,BK0988,行业
冷链物流,BK0852,行业
无线充电,BK0960,行业
网络游戏,BK0509,行业
代糖,BK0938,行业
啤酒,BK1073,行业
无线耳机,BK0893,行业
职业教育,BK1022,行业
WiFi 6,BK0915,行业
氟化工,BK0690,行业
锂电池,BK0574,行业
人工智能,BK0800,行业
汽车芯片,BK0969,行业
净水,BK1068,行业
天然气,BK0843,行业
充电桩,BK0700,行业
电子纸,BK1057,行业
ETC,BK0875,行业
消毒剂,BK0913,行业
元宇宙,BK1009,行业
数字孪生,BK0861,行业
建筑节能,BK1076,行业
水利,BK0597,行业
工业大麻,BK0856,行业
医美,BK0889,行业
民爆,BK1066,行业
新能源汽车,BK0900,行业
大数据,BK0634,行业
辅助生殖,BK0939,行业
数字经济,BK1061,行业
传感器,BK0905,行业
云计算,BK0579,行业
转基因,BK0907,行业
磷化工,BK1010,行业
超级电容,BK0703,行业
体育产业,BK0708,行业
超清视频,BK0859,行业
生物疫苗,BK0548,行业
石墨烯,BK0617,行业
光刻胶,BK0884,行业
换电,BK0985,行业
区块链,BK0830,行业
特高压,BK0918,行业
毛发医疗,BK0996,行业
车联网,BK0920,行业
物联网,BK0554,行业
幽门螺杆菌,BK1056,行业
PCB,BK0877,行业
口罩,BK0911,行业
移动支付,BK0556,行业
页岩气,BK0603,行业
草甘膦,BK0950,行业
噪声防治,BK1082,行业
工业4.0,BK0810,行业
动力电池回收,BK1052,行业
军工,BK0490,行业
碳纤维,BK1006,行业
燃料电池,BK0682,行业
互联网医疗,BK0837,行业
钒电池,BK1095,行业
芯片,BK0891,行业
节能环保,BK0494,行业
土壤修复,BK1070,行业
量子科技,BK0710,行业
胎压监测,BK0898,行业
稀缺资源,BK0519,行业
数据安全,BK1047,行业
一体化压铸,BK1093,行业
汽车拆解,BK0943,行业
卫星导航,BK0629,行业
虚拟数字人,BK1055,行业
青蒿素,BK0872,行业
环氧丙烷,BK1011,行业
有机硅,BK0961,行业
机器视觉,BK0998,行业
装配式建筑,BK0945,行业
培育钻石,BK1023,行业
基因测序,BK0693,行业
工业母机,BK1004,行业
OLED,BK0840,行业
EDR,BK1049,行业
抽水蓄能,BK1003,行业
钙钛矿电池,BK1094,行业
核电,BK0577,行业
生物质能发电,BK1098,行业
虚拟现实,BK0722,行业
在线教育,BK0662,行业
汽车热管理,BK1089,行业
智能电网,BK0581,行业
安防,BK0667,行业
钛白粉,BK0805,行业
粮食,BK1086,行业
风电,BK0595,行业
TOPCon电池,BK1097,行业
地下管网,BK1058,行业
第三代半导体,BK0952,行业
无人机,BK0704,行业
碳交易,BK0966,行业
垃圾分类,BK0873,行业
储能,BK0989,行业
养老,BK0653,行业
智能家居,BK0680,行业
医疗器械,BK0668,行业
盐湖提锂,BK0987,行业
超超临界发电,BK1087,行业
医疗废物处理,BK0914,行业
在线旅游,BK0692,行业
云游戏,BK0903,行业
预制菜,BK1025,行业
新零售,BK0825,行业
数字货币,BK0883,行业
生态农业,BK0669,行业
赛马,BK0709,行业
电子竞技,BK0853,行业
超级品牌,BK0811,行业
白酒,BK0896,行业
大飞机,BK0814,事件
乡村振兴,BK0834,事件
碳中和,BK0979,事件
智慧灯杆,BK1069,事件
健康中国,BK0719,事件
流感,BK0906,事件
军民融合,BK0808,事件
超级真菌,BK0862,事件
肝炎,BK1078,事件
智慧政务,BK0886,事件
一带一路,BK0712,事件
东数西算,BK1064,事件
杭州亚运会,BK1067,事件
新冠检测,BK1062,事件
电子身份证,BK1075,事件
土地流转,BK0632,事件
猴痘,BK1085,事件
智慧城市,BK0628,事件
央企国资改革,BK0683,事件
食品安全,BK0614,事件
国资云,BK1008,事件
统一大市场,BK1077,事件
国产软件,BK0696,事件
租售同权,BK0822,事件
新型城镇化,BK1080,事件
社区团购,BK0965,事件
NFT,BK0997,事件
雄安新区,BK0813,区域
中俄贸易,BK1072,区域
长三角一体化,BK0594,区域
粤港澳大湾区,BK0677,区域
专精特新,BK1005,事件
北交所,BK0925,金融
新股与次新股,BK0501,金融
注册制次新股,BK0971,金融
送转填权,BK0633,金融
参股新三板,BK0600,金融
壳资源,BK0820,金融
债转股,BK0980,金融
创投,BK0506,金融
证金持股,BK0718,金融
参股券商,BK0514,金融
参股保险,BK0604,金融
举牌,BK0685,金融
深股通,BK0804,金融
沪股通,BK0707,金融
参股银行,BK0525,金融
中字头股票,BK0505,金融
分拆上市意愿,BK0878,金融
融资融券,BK0596,金融
高送转,BK0723,金融
ST板块,BK0511,金融
股权转让,BK0803,金融
